Page URL,Page Title,ILR,Raw ILR,Unique Pageviews,Crawl Depth,HTTP Status Code,"Page (HTML) Load Time, sec",Schema.org (Microdata),Schema.org (JSON-LD),Open Graph,Twitter Cards,Microformats,Canonicalization,In sitemap,Incoming Internal Links,Outgoing Internal Links,Outgoing External Links,AMP link,Hreflang Links,Hreflang Issues,JS and CSS Number,"JS and CSS Size, KB",Issues,Description,Blocked AI search bots
https://theprofitplatform.com.au,"Digital Marketing Sydney | SEO, Google Ads & Web Design | The Profit Platform",94,0.009096514821492575,n/a,1,200,0.043,0,1,1,0,0,Self-canonical,0,29,29,5,0,2,0,8,59,25,"leading digital marketing agency in sydney. 247% average revenue increase. 127+ 5-star reviews. expert seo, google ads & web design. free $997 audit - only 5 spots left.",Google-Extended
https://theprofitplatform.com.au/,"Digital Marketing Sydney | SEO, Google Ads & Web Design | The Profit Platform",95,0.039234829173686,n/a,0,200,0.09,0,1,1,0,0,Self-canonical,1,148,28,5,0,2,0,8,59,26,"leading digital marketing agency in sydney. 247% average revenue increase. 127+ 5-star reviews. expert seo, google ads & web design. free $997 audit - only 5 spots left.",Google-Extended
https://theprofitplatform.com.au/[SEO](/blog/website-speed-optimization-how-sydney-businesses-can-improve-core-web-vitals/),"Digital Marketing Sydney | SEO, Google Ads & Web Design | The Profit Platform",15,0.0020343231205040765,n/a,3,200,0.041,0,1,1,0,0,Canonical to other page,0,2,29,5,0,2,1,8,59,26,"leading digital marketing agency in sydney. 247% average revenue increase. 127+ 5-star reviews. expert seo, google ads & web design. free $997 audit - only 5 spots left.",Google-Extended
https://theprofitplatform.com.au/about,,-,0.040052139640168634,n/a,1,308,0.024,0,0,0,0,0,-,0,149,1,0,0,-,-,0,0,0,-,Google-Extended
https://theprofitplatform.com.au/about/,About Us | The Profit Platform,97,0.05718899877814463,n/a,1,200,0.044,0,1,1,0,0,Self-canonical,1,1,19,6,0,2,0,8,59,14,"founded in 2024, the profit platform delivers fresh digital marketing strategies to sydney businesses. meet our team and discover our values.",Google-Extended
https://theprofitplatform.com.au/blog,,-,0.040052139640168634,n/a,1,308,0.016,0,0,0,0,0,-,1,149,1,0,0,-,-,0,0,0,-,Google-Extended
https://theprofitplatform.com.au/blog/,Blog | The Profit Platform,100,0.05950046743761783,n/a,1,200,0.089,0,1,1,0,0,Self-canonical,1,69,54,5,0,2,0,9,65,48,"digital marketing tips, strategies, and insights for sydney businesses.",Google-Extended
https://theprofitplatform.com.au/blog/15-free-digital-marketing-tools-sydney-business,,-,0.00511868057321686,n/a,2,308,0.01,0,0,0,0,0,-,0,70,1,0,0,-,-,0,0,0,-,Google-Extended
https://theprofitplatform.com.au/blog/15-free-digital-marketing-tools-sydney-business/,15 Free Digital Marketing Tools Every Sydney Business Needs in 2025,77,0.007329885742246459,n/a,2,200,0.064,1,1,1,0,0,Self-canonical,1,1,39,21,0,2,0,8,61,35,"save thousands on marketing tools. this curated list of free tools covers seo, social media, design, analytics, and more for sydney businesses.",Google-Extended
https://theprofitplatform.com.au/blog/15-free-seo-tools-every-sydney-small-business-should-use-in-2025,,-,0.004998311097139736,n/a,2,308,0.014,0,0,0,0,0,-,0,69,1,0,0,-,-,0,0,0,-,Google-Extended
https://theprofitplatform.com.au/blog/15-free-seo-tools-every-sydney-small-business-should-use-in-2025/,15 Free SEO Tools Every Sydney Small Business Should Use in 2025 | The Profit Platform,75,0.00719669038519133,n/a,2,200,0.062,1,1,1,0,0,Self-canonical,1,1,40,11,0,2,0,8,61,31,discover 15 powerful free seo tools that sydney small businesses use to dominate google's first page and boost revenue by $50k+. get local seo strategies now!,Google-Extended
https://theprofitplatform.com.au/blog/2025-10-04-7-google-ads-mistakes-costing-[Sydney](/blog/2025-10-04-7-google-ads-mistakes-costing-sydney-businesses-thousands-every-month-TEST/)-businesses-thousands-every-month-TEST/,"Digital Marketing Sydney | SEO, Google Ads & Web Design | The Profit Platform",10,0.001950324941387492,n/a,3,200,0.045,0,1,1,0,0,Canonical to other page,0,1,29,5,0,2,1,8,59,28,"leading digital marketing agency in sydney. 247% average revenue increase. 127+ 5-star reviews. expert seo, google ads & web design. free $997 audit - only 5 spots left.",Google-Extended
https://theprofitplatform.com.au/blog/2025-10-04-7-google-ads-mistakes-costing-sydney-businesses-thousands-every-month-TEST/,"Digital Marketing Sydney | SEO, Google Ads & Web Design | The Profit Platform",20,0.0021296386855020077,n/a,3,200,0.048,0,1,1,0,0,Canonical to other page,0,3,29,5,0,2,1,8,59,26,"leading digital marketing agency in sydney. 247% average revenue increase. 127+ 5-star reviews. expert seo, google ads & web design. free $997 audit - only 5 spots left.",Google-Extended
https://theprofitplatform.com.au/blog/2025-10-04-how-to-optimise-your-google-business-profile-for-[Sydney](/blog/2025-10-04-how-to-optimise-your-google-business-profile-for-sydney-local-search-in-2025/)-local-search-in-2025/,"Digital Marketing Sydney | SEO, Google Ads & Web Design | The Profit Platform",6,0.0019483762417724295,n/a,3,200,0.043,0,1,1,0,0,Canonical to other page,0,1,29,5,0,2,1,8,59,28,"leading digital marketing agency in sydney. 247% average revenue increase. 127+ 5-star reviews. expert seo, google ads & web design. free $997 audit - only 5 spots left.",Google-Extended
https://theprofitplatform.com.au/blog/2025-10-04-how-to-optimise-your-google-business-profile-for-sydney-local-search-in-2025/,"Digital Marketing Sydney | SEO, Google Ads & Web Design | The Profit Platform",22,0.0024920320620451116,n/a,3,200,0.045,0,1,1,0,0,Canonical to other page,0,7,29,5,0,2,1,8,59,26,"leading digital marketing agency in sydney. 247% average revenue increase. 127+ 5-star reviews. expert seo, google ads & web design. free $997 audit - only 5 spots left.",Google-Extended
https://theprofitplatform.com.au/blog/2025-10-05-local-seo-checklist-47-steps-to-dominate-sydney-suburb-search-results/,"Digital Marketing Sydney | SEO, Google Ads & Web Design | The Profit Platform",16,0.002034725900974208,n/a,3,200,0.042,0,1,1,0,0,Canonical to other page,0,2,29,5,0,2,1,8,59,26,"leading digital marketing agency in sydney. 247% average revenue increase. 127+ 5-star reviews. expert seo, google ads & web design. free $997 audit - only 5 spots left.",Google-Extended
https://theprofitplatform.com.au/blog/7-google-ads-mistakes-costing-sydney-businesses-thousands-every-month,,-,0.005809108233478698,n/a,2,308,0.011,0,0,0,0,0,-,0,77,1,0,0,-,-,0,0,0,-,Google-Extended
https://theprofitplatform.com.au/blog/7-google-ads-mistakes-costing-sydney-businesses-thousands-every-month/,7 Google Ads Mistakes Costing Sydney Businesses Thousands Every Month | The Profit Platform,89,0.008282823783217708,n/a,2,200,0.061,1,1,1,0,0,Self-canonical,1,3,37,10,0,2,0,8,61,31,discover the 7 costly google ads mistakes sydney businesses make that waste thousands monthly. learn how to fix these profit-killers and boost roi.,Google-Extended
"https://theprofitplatform.com.au/blog/?tag=""Case Study"", ""Local SEO"", ""Google Ads"", ""Parramatta"", ""Results""",Blog | The Profit Platform,48,0.003857846344912323,n/a,3,200,0.045,0,1,1,0,0,Canonical to other page,0,1,54,5,0,2,1,9,65,50,"digital marketing tips, strategies, and insights for sydney businesses.",Google-Extended
https://theprofitplatform.com.au/blog/?tag=2025,Blog | The Profit Platform,57,0.0039394517852863395,n/a,3,200,0.037,0,1,1,0,0,Canonical to other page,0,1,54,5,0,2,1,9,65,50,"digital marketing tips, strategies, and insights for sydney businesses.",Google-Extended
https://theprofitplatform.com.au/blog/?tag=Ad Extensions,Blog | The Profit Platform,35,0.003818167701106523,n/a,3,200,0.037,0,1,1,0,0,Canonical to other page,0,1,54,5,0,2,1,9,65,50,"digital marketing tips, strategies, and insights for sydney businesses.",Google-Extended
https://theprofitplatform.com.au/blog/?tag=Analytics,Blog | The Profit Platform,54,0.003926899368666423,n/a,3,200,0.039,0,1,1,0,0,Canonical to other page,0,1,54,5,0,2,1,9,65,50,"digital marketing tips, strategies, and insights for sydney businesses.",Google-Extended
https://theprofitplatform.com.au/blog/?tag=Authority,Blog | The Profit Platform,38,0.00382018529666387,n/a,3,200,0.053,0,1,1,0,0,Canonical to other page,0,1,54,5,0,2,1,9,65,50,"digital marketing tips, strategies, and insights for sydney businesses.",Google-Extended
https://theprofitplatform.com.au/blog/?tag=Automation,Blog | The Profit Platform,37,0.0038183183054913343,n/a,3,200,0.036,0,1,1,0,0,Canonical to other page,0,1,54,5,0,2,1,9,65,50,"digital marketing tips, strategies, and insights for sydney businesses.",Google-Extended
https://theprofitplatform.com.au/blog/?tag=B2B,Blog | The Profit Platform,42,0.003822902223060981,n/a,3,200,0.047,0,1,1,0,0,Canonical to other page,0,1,54,5,0,2,1,9,65,50,"digital marketing tips, strategies, and insights for sydney businesses.",Google-Extended
https://theprofitplatform.com.au/blog/?tag=Backlinks,Blog | The Profit Platform,38,0.00382018529666387,n/a,3,200,0.033,0,1,1,0,0,Canonical to other page,0,1,54,5,0,2,1,9,65,50,"digital marketing tips, strategies, and insights for sydney businesses.",Google-Extended
https://theprofitplatform.com.au/blog/?tag=Bidding Strategies,Blog | The Profit Platform,37,0.0038183183054913343,n/a,3,200,0.032,0,1,1,0,0,Canonical to other page,0,1,54,5,0,2,1,9,65,50,"digital marketing tips, strategies, and insights for sydney businesses.",Google-Extended
https://theprofitplatform.com.au/blog/?tag=CMS,Blog | The Profit Platform,41,0.003822654099015679,n/a,3,200,0.031,0,1,1,0,0,Canonical to other page,0,1,54,5,0,2,1,9,65,50,"digital marketing tips, strategies, and insights for sydney businesses.",Google-Extended
https://theprofitplatform.com.au/blog/?tag=CRO,Blog | The Profit Platform,28,0.003812144049173035,n/a,3,200,0.033,0,1,1,0,0,Canonical to other page,0,1,54,5,0,2,1,9,65,50,"digital marketing tips, strategies, and insights for sydney businesses.",Google-Extended
https://theprofitplatform.com.au/blog/?tag=CTR,Blog | The Profit Platform,35,0.003818167701106523,n/a,3,200,0.032,0,1,1,0,0,Canonical to other page,0,1,54,5,0,2,1,9,65,50,"digital marketing tips, strategies, and insights for sydney businesses.",Google-Extended
https://theprofitplatform.com.au/blog/?tag=Checklist,Blog | The Profit Platform,43,0.003827655800258471,n/a,3,200,0.044,0,1,1,0,0,Canonical to other page,0,1,54,5,0,2,1,9,65,50,"digital marketing tips, strategies, and insights for sydney businesses.",Google-Extended
https://theprofitplatform.com.au/blog/?tag=Citations,Blog | The Profit Platform,33,0.0038161726419480954,n/a,3,200,0.051,0,1,1,0,0,Canonical to other page,0,1,54,5,0,2,1,9,65,50,"digital marketing tips, strategies, and insights for sydney businesses.",Google-Extended
https://theprofitplatform.com.au/blog/?tag=Content Strategy,Blog | The Profit Platform,42,0.003822902223060981,n/a,3,200,0.041,0,1,1,0,0,Canonical to other page,0,1,54,5,0,2,1,9,65,50,"digital marketing tips, strategies, and insights for sydney businesses.",Google-Extended
https://theprofitplatform.com.au/blog/?tag=Conversion,Blog | The Profit Platform,25,0.0037974535772432876,n/a,3,200,0.032,0,1,1,0,0,Canonical to other page,0,1,54,5,0,2,1,9,65,50,"digital marketing tips, strategies, and insights for sydney businesses.",Google-Extended
https://theprofitplatform.com.au/blog/?tag=Conversions,Blog | The Profit Platform,53,0.003908788311266419,n/a,3,200,0.036,0,1,1,0,0,Canonical to other page,0,1,54,5,0,2,1,9,65,50,"digital marketing tips, strategies, and insights for sydney businesses.",Google-Extended
https://theprofitplatform.com.au/blog/?tag=Cost Optimization,Blog | The Profit Platform,46,0.003839964698681091,n/a,3,200,0.038,0,1,1,0,0,Canonical to other page,0,1,54,5,0,2,1,9,65,50,"digital marketing tips, strategies, and insights for sydney businesses.",Google-Extended
https://theprofitplatform.com.au/blog/?tag=Cost Reduction,Blog | The Profit Platform,34,0.0038163826933467412,n/a,3,200,0.04,0,1,1,0,0,Canonical to other page,0,1,54,5,0,2,1,9,65,50,"digital marketing tips, strategies, and insights for sydney businesses.",Google-Extended
https://theprofitplatform.com.au/blog/?tag=Directory Listings,Blog | The Profit Platform,33,0.0038161726419480954,n/a,3,200,0.033,0,1,1,0,0,Canonical to other page,0,1,54,5,0,2,1,9,65,50,"digital marketing tips, strategies, and insights for sydney businesses.",Google-Extended
https://theprofitplatform.com.au/blog/?tag=Engagement,Blog | The Profit Platform,33,0.0038161726419480954,n/a,3,200,0.033,0,1,1,0,0,Canonical to other page,0,1,54,5,0,2,1,9,65,50,"digital marketing tips, strategies, and insights for sydney businesses.",Google-Extended
https://theprofitplatform.com.au/blog/?tag=Free Resources,Blog | The Profit Platform,24,0.0037972204272084032,n/a,3,200,0.038,0,1,1,0,0,Canonical to other page,0,1,54,5,0,2,1,9,65,50,"digital marketing tips, strategies, and insights for sydney businesses.",Google-Extended
https://theprofitplatform.com.au/blog/?tag=Free Tools,Blog | The Profit Platform,27,0.0038084314244587634,n/a,3,200,0.048,0,1,1,0,0,Canonical to other page,0,1,54,5,0,2,1,9,65,50,"digital marketing tips, strategies, and insights for sydney businesses.",Google-Extended
https://theprofitplatform.com.au/blog/?tag=Funnels,Blog | The Profit Platform,25,0.0037974535772432876,n/a,3,200,0.041,0,1,1,0,0,Canonical to other page,0,1,54,5,0,2,1,9,65,50,"digital marketing tips, strategies, and insights for sydney businesses.",Google-Extended
https://theprofitplatform.com.au/blog/?tag=GA4,Blog | The Profit Platform,37,0.0038183183054913343,n/a,3,200,0.044,0,1,1,0,0,Canonical to other page,0,1,54,5,0,2,1,9,65,50,"digital marketing tips, strategies, and insights for sydney businesses.",Google-Extended
https://theprofitplatform.com.au/blog/?tag=Google Ads,Blog | The Profit Platform,62,0.00408414098584226,n/a,3,200,0.04,0,1,1,0,0,Canonical to other page,0,1,54,5,0,2,1,9,65,50,"digital marketing tips, strategies, and insights for sydney businesses.",Google-Extended
https://theprofitplatform.com.au/blog/?tag=Google Analytics,Blog | The Profit Platform,37,0.0038183183054913343,n/a,3,200,0.041,0,1,1,0,0,Canonical to other page,0,1,54,5,0,2,1,9,65,50,"digital marketing tips, strategies, and insights for sydney businesses.",Google-Extended
https://theprofitplatform.com.au/blog/?tag=Google Business Profile,Blog | The Profit Platform,63,0.004085784453846284,n/a,3,200,0.035,0,1,1,0,0,Canonical to other page,0,1,54,5,0,2,1,9,65,50,"digital marketing tips, strategies, and insights for sydney businesses.",Google-Extended
https://theprofitplatform.com.au/blog/?tag=Google Ranking,Blog | The Profit Platform,49,0.003859703477037044,n/a,3,200,0.032,0,1,1,0,0,Canonical to other page,0,1,54,5,0,2,1,9,65,50,"digital marketing tips, strategies, and insights for sydney businesses.",Google-Extended
https://theprofitplatform.com.au/blog/?tag=Google Search Console,Blog | The Profit Platform,30,0.003815918438560382,n/a,3,200,0.035,0,1,1,0,0,Canonical to other page,0,1,54,5,0,2,1,9,65,50,"digital marketing tips, strategies, and insights for sydney businesses.",Google-Extended
https://theprofitplatform.com.au/blog/?tag=Growth Strategy,Blog | The Profit Platform,44,0.003839585920226595,n/a,3,200,0.034,0,1,1,0,0,Canonical to other page,0,1,54,5,0,2,1,9,65,50,"digital marketing tips, strategies, and insights for sydney businesses.",Google-Extended
https://theprofitplatform.com.au/blog/?tag=Lead Generation,Blog | The Profit Platform,25,0.0037974535772432876,n/a,3,200,0.038,0,1,1,0,0,Canonical to other page,0,1,54,5,0,2,1,9,65,50,"digital marketing tips, strategies, and insights for sydney businesses.",Google-Extended
https://theprofitplatform.com.au/blog/?tag=Link Building,Blog | The Profit Platform,38,0.00382018529666387,n/a,3,200,0.032,0,1,1,0,0,Canonical to other page,0,1,54,5,0,2,1,9,65,50,"digital marketing tips, strategies, and insights for sydney businesses.",Google-Extended
https://theprofitplatform.com.au/blog/?tag=Local SEO,Blog | The Profit Platform,70,0.004539987229112181,n/a,3,200,0.033,0,1,1,0,0,Canonical to other page,0,1,54,5,0,2,1,9,65,50,"digital marketing tips, strategies, and insights for sydney businesses.",Google-Extended
https://theprofitplatform.com.au/blog/?tag=Local Search,Blog | The Profit Platform,51,0.003864970129589808,n/a,3,200,0.036,0,1,1,0,0,Canonical to other page,0,1,54,5,0,2,1,9,65,50,"digital marketing tips, strategies, and insights for sydney businesses.",Google-Extended
https://theprofitplatform.com.au/blog/?tag=Marketing,Blog | The Profit Platform,42,0.003822902223060981,n/a,3,200,0.039,0,1,1,0,0,Canonical to other page,0,1,54,5,0,2,1,9,65,50,"digital marketing tips, strategies, and insights for sydney businesses.",Google-Extended
https://theprofitplatform.com.au/blog/?tag=Marketing Budget,Blog | The Profit Platform,47,0.0038506674760142366,n/a,3,200,0.036,0,1,1,0,0,Canonical to other page,0,1,54,5,0,2,1,9,65,50,"digital marketing tips, strategies, and insights for sydney businesses.",Google-Extended
https://theprofitplatform.com.au/blog/?tag=Marketing Tools,Blog | The Profit Platform,24,0.0037972204272084032,n/a,3,200,0.038,0,1,1,0,0,Canonical to other page,0,1,54,5,0,2,1,9,65,50,"digital marketing tips, strategies, and insights for sydney businesses.",Google-Extended
https://theprofitplatform.com.au/blog/?tag=Mobile Design,Blog | The Profit Platform,32,0.003816080225262143,n/a,3,200,0.046,0,1,1,0,0,Canonical to other page,0,1,54,5,0,2,1,9,65,50,"digital marketing tips, strategies, and insights for sydney businesses.",Google-Extended
https://theprofitplatform.com.au/blog/?tag=Multi-Location,Blog | The Profit Platform,44,0.003839585920226595,n/a,3,200,0.042,0,1,1,0,0,Canonical to other page,0,1,54,5,0,2,1,9,65,50,"digital marketing tips, strategies, and insights for sydney businesses.",Google-Extended
https://theprofitplatform.com.au/blog/?tag=NAP,Blog | The Profit Platform,33,0.0038161726419480954,n/a,3,200,0.034,0,1,1,0,0,Canonical to other page,0,1,54,5,0,2,1,9,65,50,"digital marketing tips, strategies, and insights for sydney businesses.",Google-Extended
https://theprofitplatform.com.au/blog/?tag=Optimization,Blog | The Profit Platform,58,0.004018021611377022,n/a,3,200,0.038,0,1,1,0,0,Canonical to other page,0,1,54,5,0,2,1,9,65,50,"digital marketing tips, strategies, and insights for sydney businesses.",Google-Extended
https://theprofitplatform.com.au/blog/?tag=PPC,Blog | The Profit Platform,65,0.004174701824415861,n/a,3,200,0.045,0,1,1,0,0,Canonical to other page,0,1,54,5,0,2,1,9,65,50,"digital marketing tips, strategies, and insights for sydney businesses.",Google-Extended
https://theprofitplatform.com.au/blog/?tag=PPC Optimization,Blog | The Profit Platform,34,0.0038163826933467412,n/a,3,200,0.035,0,1,1,0,0,Canonical to other page,0,1,54,5,0,2,1,9,65,50,"digital marketing tips, strategies, and insights for sydney businesses.",Google-Extended
https://theprofitplatform.com.au/blog/?tag=Posts,Blog | The Profit Platform,33,0.0038161726419480954,n/a,3,200,0.047,0,1,1,0,0,Canonical to other page,0,1,54,5,0,2,1,9,65,50,"digital marketing tips, strategies, and insights for sydney businesses.",Google-Extended
https://theprofitplatform.com.au/blog/?tag=Productivity,Blog | The Profit Platform,24,0.0037972204272084032,n/a,3,200,0.039,0,1,1,0,0,Canonical to other page,0,1,54,5,0,2,1,9,65,50,"digital marketing tips, strategies, and insights for sydney businesses.",Google-Extended
https://theprofitplatform.com.au/blog/?tag=Professional Services,Blog | The Profit Platform,25,0.0037974535772432876,n/a,3,200,0.037,0,1,1,0,0,Canonical to other page,0,1,54,5,0,2,1,9,65,50,"digital marketing tips, strategies, and insights for sydney businesses.",Google-Extended
https://theprofitplatform.com.au/blog/?tag=Quality Score,Blog | The Profit Platform,34,0.0038163826933467412,n/a,3,200,0.043,0,1,1,0,0,Canonical to other page,0,1,54,5,0,2,1,9,65,50,"digital marketing tips, strategies, and insights for sydney businesses.",Google-Extended
https://theprofitplatform.com.au/blog/?tag=ROI,Blog | The Profit Platform,56,0.003929299235597375,n/a,3,200,0.036,0,1,1,0,0,Canonical to other page,0,1,54,5,0,2,1,9,65,50,"digital marketing tips, strategies, and insights for sydney businesses.",Google-Extended
https://theprofitplatform.com.au/blog/?tag=Rankings,Blog | The Profit Platform,43,0.003827655800258471,n/a,3,200,0.034,0,1,1,0,0,Canonical to other page,0,1,54,5,0,2,1,9,65,50,"digital marketing tips, strategies, and insights for sydney businesses.",Google-Extended
https://theprofitplatform.com.au/blog/?tag=Remarketing,Blog | The Profit Platform,29,0.003814116381052492,n/a,3,200,0.035,0,1,1,0,0,Canonical to other page,0,1,54,5,0,2,1,9,65,50,"digital marketing tips, strategies, and insights for sydney businesses.",Google-Extended
https://theprofitplatform.com.au/blog/?tag=Resources,Blog | The Profit Platform,27,0.0038084314244587634,n/a,3,200,0.038,0,1,1,0,0,Canonical to other page,0,1,54,5,0,2,1,9,65,50,"digital marketing tips, strategies, and insights for sydney businesses.",Google-Extended
https://theprofitplatform.com.au/blog/?tag=Responsive Design,Blog | The Profit Platform,32,0.003816080225262143,n/a,3,200,0.034,0,1,1,0,0,Canonical to other page,0,1,54,5,0,2,1,9,65,50,"digital marketing tips, strategies, and insights for sydney businesses.",Google-Extended
https://theprofitplatform.com.au/blog/?tag=Retargeting,Blog | The Profit Platform,29,0.003814116381052492,n/a,3,200,0.034,0,1,1,0,0,Canonical to other page,0,1,54,5,0,2,1,9,65,50,"digital marketing tips, strategies, and insights for sydney businesses.",Google-Extended
https://theprofitplatform.com.au/blog/?tag=Rich Results,Blog | The Profit Platform,39,0.0038205593318587174,n/a,3,200,0.03,0,1,1,0,0,Canonical to other page,0,1,54,5,0,2,1,9,65,50,"digital marketing tips, strategies, and insights for sydney businesses.",Google-Extended
https://theprofitplatform.com.au/blog/?tag=SEO,Blog | The Profit Platform,68,0.004299402098156542,n/a,3,200,0.063,0,1,1,0,0,Canonical to other page,0,1,54,5,0,2,1,9,65,50,"digital marketing tips, strategies, and insights for sydney businesses.",Google-Extended
https://theprofitplatform.com.au/blog/?tag=SEO Tools,Blog | The Profit Platform,52,0.003906877744060038,n/a,3,200,0.036,0,1,1,0,0,Canonical to other page,0,1,54,5,0,2,1,9,65,50,"digital marketing tips, strategies, and insights for sydney businesses.",Google-Extended
https://theprofitplatform.com.au/blog/?tag=Schema Markup,Blog | The Profit Platform,39,0.0038205593318587174,n/a,3,200,0.034,0,1,1,0,0,Canonical to other page,0,1,54,5,0,2,1,9,65,50,"digital marketing tips, strategies, and insights for sydney businesses.",Google-Extended
https://theprofitplatform.com.au/blog/?tag=Service Business,Blog | The Profit Platform,28,0.003812144049173035,n/a,3,200,0.042,0,1,1,0,0,Canonical to other page,0,1,54,5,0,2,1,9,65,50,"digital marketing tips, strategies, and insights for sydney businesses.",Google-Extended
https://theprofitplatform.com.au/blog/?tag=Setup,Blog | The Profit Platform,37,0.0038183183054913343,n/a,3,200,0.031,0,1,1,0,0,Canonical to other page,0,1,54,5,0,2,1,9,65,50,"digital marketing tips, strategies, and insights for sydney businesses.",Google-Extended
https://theprofitplatform.com.au/blog/?tag=Small Business,Blog | The Profit Platform,27,0.0038084314244587634,n/a,3,200,0.035,0,1,1,0,0,Canonical to other page,0,1,54,5,0,2,1,9,65,50,"digital marketing tips, strategies, and insights for sydney businesses.",Google-Extended
https://theprofitplatform.com.au/blog/?tag=Structured Data,Blog | The Profit Platform,39,0.0038205593318587174,n/a,3,200,0.033,0,1,1,0,0,Canonical to other page,0,1,54,5,0,2,1,9,65,50,"digital marketing tips, strategies, and insights for sydney businesses.",Google-Extended
https://theprofitplatform.com.au/blog/?tag=Sydney,Blog | The Profit Platform,66,0.004203076494713028,n/a,3,200,0.037,0,1,1,0,0,Canonical to other page,0,1,54,5,0,2,1,9,65,50,"digital marketing tips, strategies, and insights for sydney businesses.",Google-Extended
https://theprofitplatform.com.au/blog/?tag=Sydney Business,Blog | The Profit Platform,61,0.004072647142341468,n/a,3,200,0.036,0,1,1,0,0,Canonical to other page,0,1,54,5,0,2,1,9,65,50,"digital marketing tips, strategies, and insights for sydney businesses.",Google-Extended
https://theprofitplatform.com.au/blog/?tag=Tracking,Blog | The Profit Platform,59,0.00402774555519865,n/a,3,200,0.036,0,1,1,0,0,Canonical to other page,0,1,54,5,0,2,1,9,65,50,"digital marketing tips, strategies, and insights for sydney businesses.",Google-Extended
https://theprofitplatform.com.au/blog/?tag=User Experience,Blog | The Profit Platform,32,0.003816080225262143,n/a,3,200,0.05,0,1,1,0,0,Canonical to other page,0,1,54,5,0,2,1,9,65,50,"digital marketing tips, strategies, and insights for sydney businesses.",Google-Extended
https://theprofitplatform.com.au/blog/?tag=WordPress,Blog | The Profit Platform,41,0.003822654099015679,n/a,3,200,0.033,0,1,1,0,0,Canonical to other page,0,1,54,5,0,2,1,9,65,50,"digital marketing tips, strategies, and insights for sydney businesses.",Google-Extended
https://theprofitplatform.com.au/blog/?tag=eCommerce,Blog | The Profit Platform,29,0.003814116381052492,n/a,3,200,0.044,0,1,1,0,0,Canonical to other page,0,1,54,5,0,2,1,9,65,50,"digital marketing tips, strategies, and insights for sydney businesses.",Google-Extended
https://theprofitplatform.com.au/blog/complete-guide-to-multi-location-seo-for-sydney-business-owners,"Digital Marketing Sydney | SEO, Google Ads & Web Design | The Profit Platform",14,0.001969721061304856,n/a,3,200,0.036,0,1,1,0,0,Canonical to other page,0,1,29,5,0,2,1,8,59,27,"leading digital marketing agency in sydney. 247% average revenue increase. 127+ 5-star reviews. expert seo, google ads & web design. free $997 audit - only 5 spots left.",Google-Extended
https://theprofitplatform.com.au/blog/complete-guide-to-multi-location-seo-for-sydney-business-owners/,"Digital Marketing Sydney | SEO, Google Ads & Web Design | The Profit Platform",4,0.001941345639239655,n/a,3,200,0.046,0,1,1,0,0,Canonical to other page,0,1,29,5,0,2,1,8,59,27,"leading digital marketing agency in sydney. 247% average revenue increase. 127+ 5-star reviews. expert seo, google ads & web design. free $997 audit - only 5 spots left.",Google-Extended
https://theprofitplatform.com.au/blog/content-marketing-strategy-for-sydney-b2b-companies-in-2025,,-,0.004998311097139736,n/a,2,308,0.011,0,0,0,0,0,-,0,69,1,0,0,-,-,0,0,0,-,Google-Extended
https://theprofitplatform.com.au/blog/content-marketing-strategy-for-sydney-b2b-companies-in-2025/,Content Marketing Strategy for Sydney B2B Companies in 2025 | The Profit Platform,75,0.00719669038519133,n/a,2,200,0.06,1,1,1,0,0,Self-canonical,1,1,37,7,0,2,0,8,61,31,stop wasting your content budget. learn the b2b content marketing strategy that helped a sydney firm increase leads from 3 to 47 per month. get started now.,Google-Extended
https://theprofitplatform.com.au/blog/conversion-rate-optimization-9-quick-wins-for-sydney-service-businesses,,-,0.004998311097139736,n/a,2,308,0.014,0,0,0,0,0,-,0,69,1,0,0,-,-,0,0,0,-,Google-Extended
https://theprofitplatform.com.au/blog/conversion-rate-optimization-9-quick-wins-for-sydney-service-businesses/,Conversion Rate Optimization: 9 Quick Wins for Sydney Service Businesses | The Profit Platform,75,0.00719669038519133,n/a,2,200,0.037,1,1,1,0,0,Self-canonical,1,1,39,10,0,2,0,8,61,31,boost your sydney service business revenue with proven conversion rate optimization strategies. 9 quick wins that increase enquiries by 300-400% instantly.,Google-Extended
https://theprofitplatform.com.au/blog/google-ads-bidding-strategies-which-one-is-right-for-your-sydney-business,,-,0.004998311097139736,n/a,2,308,0.022,0,0,0,0,0,-,0,69,1,0,0,-,-,0,0,0,-,Google-Extended
https://theprofitplatform.com.au/blog/google-ads-bidding-strategies-which-one-is-right-for-your-sydney-business/,Google Ads Bidding Strategies: Which One is Right for Your Sydney Business? | The Profit Platform,75,0.00719669038519133,n/a,2,200,0.064,1,1,1,0,0,Self-canonical,1,1,39,7,0,2,0,8,61,31,discover which google ads bidding strategies work best for sydney businesses. stop wasting budget and start generating more qualified leads today.,Google-Extended
https://theprofitplatform.com.au/blog/google-ads-extensions-complete-guide-to-maximising-click-through-rates,,-,0.005174177130787349,n/a,2,308,0.011,0,0,0,0,0,-,0,71,1,0,0,-,-,0,0,0,-,Google-Extended
https://theprofitplatform.com.au/blog/google-ads-extensions-complete-guide-to-maximising-click-through-rates/,Google Ads Extensions: Complete Guide to Maximising Click-Through Rates | The Profit Platform,81,0.007390272889792891,n/a,2,200,0.046,1,1,1,0,0,Self-canonical,1,1,38,10,0,2,0,8,61,32,discover how google ads extensions can boost your click-through rates by 224%. complete guide with proven strategies sydney businesses use to dominate search re,Google-Extended
https://theprofitplatform.com.au/blog/google-ads-extensions-complete-guide-to-maximising-click-through-rates/(/blog/7-google-ads-mistakes-costing-sydney-businesses-thousands-every-month/),"Digital Marketing Sydney | SEO, Google Ads & Web Design | The Profit Platform",9,0.0019502771250989618,n/a,3,200,0.051,0,1,1,0,0,Canonical to other page,0,1,29,5,0,2,1,8,59,27,"leading digital marketing agency in sydney. 247% average revenue increase. 127+ 5-star reviews. expert seo, google ads & web design. free $997 audit - only 5 spots left.",Google-Extended
https://theprofitplatform.com.au/blog/google-ads-for-service-businesses-campaign-structure-that-converts/,"Digital Marketing Sydney | SEO, Google Ads & Web Design | The Profit Platform",10,0.001950324941387492,n/a,3,200,0.046,0,1,1,0,0,Canonical to other page,0,1,29,5,0,2,1,8,59,27,"leading digital marketing agency in sydney. 247% average revenue increase. 127+ 5-star reviews. expert seo, google ads & web design. free $997 audit - only 5 spots left.",Google-Extended
https://theprofitplatform.com.au/blog/google-ads-guide,"Digital Marketing Sydney | SEO, Google Ads & Web Design | The Profit Platform",95,0.039234829173686,n/a,1,200,0.08,0,1,1,0,0,Canonical to other page,0,148,28,5,0,2,1,8,59,26,"leading digital marketing agency in sydney. 247% average revenue increase. 127+ 5-star reviews. expert seo, google ads & web design. free $997 audit - only 5 spots left.",Google-Extended
https://theprofitplatform.com.au/blog/google-ads-quality-score-how-to-improve-it-and-lower-your-costs,,-,0.005186427284698881,n/a,2,308,0.014,0,0,0,0,0,-,0,71,1,0,0,-,-,0,0,0,-,Google-Extended
https://theprofitplatform.com.au/blog/google-ads-quality-score-how-to-improve-it-and-lower-your-costs/,Google Ads Quality Score: How to Improve It and Lower Your Costs | The Profit Platform,84,0.007404315577390754,n/a,2,200,0.059,1,1,1,0,0,Self-canonical,1,1,38,11,0,2,0,8,61,31,boost your google ads quality score from 4 to 8+ and slash costs by 30-50%. learn proven strategies sydney businesses use to outrank competitors and pay less.,Google-Extended
https://theprofitplatform.com.au/blog/google-ads-vs-seo-sydney-businesses,,-,0.005999006384835258,n/a,2,308,0.015,0,0,0,0,0,-,0,80,1,0,0,-,-,0,0,0,-,Google-Extended
https://theprofitplatform.com.au/blog/google-ads-vs-seo-sydney-businesses/,Google Ads vs SEO: Which is Better for Sydney Small Businesses?,90,0.008400906329107848,n/a,2,200,0.073,1,1,1,0,0,Self-canonical,1,2,39,5,0,2,0,8,61,34,"the ultimate comparison guide for sydney businesses deciding between google ads and seo. real data, pros/cons, and when to use each strategy.",Google-Extended
https://theprofitplatform.com.au/blog/google-ads-vs-seo-which-should-sydney-small-businesses-invest-in-first/,"Digital Marketing Sydney | SEO, Google Ads & Web Design | The Profit Platform",3,0.0019313755175444703,n/a,3,200,0.042,0,1,1,0,0,Canonical to other page,0,1,29,5,0,2,1,8,59,27,"leading digital marketing agency in sydney. 247% average revenue increase. 127+ 5-star reviews. expert seo, google ads & web design. free $997 audit - only 5 spots left.",Google-Extended
https://theprofitplatform.com.au/blog/google-analytics-4-complete-setup-guide-for-sydney-business-owners,,-,0.004998311097139736,n/a,2,308,0.02,0,0,0,0,0,-,0,69,1,0,0,-,-,0,0,0,-,Google-Extended
https://theprofitplatform.com.au/blog/google-analytics-4-complete-setup-guide-for-sydney-business-owners/,Google Analytics 4: Complete Setup Guide for Sydney Business Owners | The Profit Platform,75,0.00719669038519133,n/a,2,200,0.043,1,1,1,0,0,Self-canonical,1,1,36,10,0,2,0,8,61,30,master google analytics 4 setup in 30 minutes with our complete guide for sydney businesses. stop missing crucial customer data and boost your revenue today.,Google-Extended
https://theprofitplatform.com.au/blog/google-my-business-posts-how-to-use-them-to-increase-local-visibility,,-,0.004998311097139736,n/a,2,308,0.012,0,0,0,0,0,-,0,69,1,0,0,-,-,0,0,0,-,Google-Extended
https://theprofitplatform.com.au/blog/google-my-business-posts-how-to-use-them-to-increase-local-visibility/,Google My Business Posts: How to Use Them to Increase Local Visibility | The Profit Platform,75,0.00719669038519133,n/a,2,200,0.077,1,1,1,0,0,Self-canonical,1,1,38,9,0,2,0,8,61,32,learn how google my business posts can boost your local visibility by 67%. discover proven strategies to outrank competitors and drive more foot traffic for fre,Google-Extended
https://theprofitplatform.com.au/blog/google-search-console-the-complete-guide-for-sydney-business-owners,,-,0.005089899979047675,n/a,2,308,0.013,0,0,0,0,0,-,0,70,1,0,0,-,-,0,0,0,-,Google-Extended
https://theprofitplatform.com.au/blog/google-search-console-the-complete-guide-for-sydney-business-owners/,Google Search Console: The Complete Guide for Sydney Business Owners | The Profit Platform,78,0.007380146151483658,n/a,2,200,0.063,1,1,1,0,0,Self-canonical,1,2,39,10,0,2,0,8,61,30,master google search console with our complete guide for sydney businesses. stop losing customers to invisible errors and unlock free traffic insights today.,Google-Extended
https://theprofitplatform.com.au/blog/how-sydney-businesses-rank-number-1-google-2025,,-,0.0062144170798116875,n/a,2,308,0.011,0,0,0,0,0,-,0,82,1,0,0,-,-,0,0,0,-,Google-Extended
https://theprofitplatform.com.au/blog/how-sydney-businesses-rank-number-1-google-2025/,How Sydney Businesses Can Rank #1 on Google in 2025,91,0.00863632494212586,n/a,2,200,0.041,1,1,1,0,0,Self-canonical,1,2,38,5,0,2,0,8,61,33,"a comprehensive, step-by-step guide to dominating google search results for sydney businesses. learn the exact seo strategies that get results.",Google-Extended
https://theprofitplatform.com.au/blog/how-to-optimise-your-google-business-profile-for-sydney-local-search-in-2025,,-,0.006424515952185114,n/a,2,308,0.014,0,0,0,0,0,-,0,84,1,0,0,-,-,0,0,0,-,Google-Extended
https://theprofitplatform.com.au/blog/how-to-optimise-your-google-business-profile-for-sydney-local-search-in-2025/,How to Optimise Your Google Business Profile for Sydney Local Search in 2025 | The Profit Platform,92,0.008859322768037336,n/a,2,200,0.079,1,1,1,0,0,Self-canonical,1,2,36,7,0,2,0,8,61,31,discover how to optimise your google business profile sydney listing for 2025. get found first in local search and stop losing $30k+ annually to competitors.,Google-Extended
https://theprofitplatform.com.au/blog/how-to-reduce-google-ads-cost-per-click-without-sacrificing-quality/,"Digital Marketing Sydney | SEO, Google Ads & Web Design | The Profit Platform",18,0.0020363933722801282,n/a,3,200,0.043,0,1,1,0,0,Canonical to other page,0,2,29,5,0,2,1,8,59,26,"leading digital marketing agency in sydney. 247% average revenue increase. 127+ 5-star reviews. expert seo, google ads & web design. free $997 audit - only 5 spots left.",Google-Extended
https://theprofitplatform.com.au/blog/how-to-scale-local-seo,,-,0.0056328608602322465,n/a,2,308,0.014,0,0,0,0,0,-,0,75,1,0,0,-,-,0,0,0,-,Google-Extended
https://theprofitplatform.com.au/blog/how-to-scale-local-seo/,Scale Local SEO: Multi-Location Business Growth Strategy 2025,87,0.007897091694076916,n/a,2,200,0.04,1,1,1,0,0,Self-canonical,1,1,37,7,0,2,0,8,61,30,step-by-step guide to scaling local seo for multi-location businesses. rank in every city you serve.,Google-Extended
https://theprofitplatform.com.au/blog/how-to-track-google-ads-roi-a-sydney-business-owner-s-guide,,-,0.0055395094730047644,n/a,2,308,0.014,0,0,0,0,0,-,0,75,1,0,0,-,-,0,0,0,-,Google-Extended
https://theprofitplatform.com.au/blog/how-to-track-google-ads-roi-a-sydney-business-owner-s-guide/,How to Track Google Ads ROI: A Sydney Business Owner's Guide | The Profit Platform,86,0.007882964130790957,n/a,2,200,0.035,1,1,1,0,0,Self-canonical,1,2,39,9,0,2,0,8,61,30,master google ads roi tracking for your sydney business. learn why 67% can't tell if ads are profitable & discover proven methods to maximize returns.,Google-Extended
https://theprofitplatform.com.au/blog/how-to-write-google-ads-copy-that-converts-for-sydney-service-businesses/,"Digital Marketing Sydney | SEO, Google Ads & Web Design | The Profit Platform",5,0.0019447174588217,n/a,3,200,0.043,0,1,1,0,0,Canonical to other page,0,1,29,5,0,2,1,8,59,27,"leading digital marketing agency in sydney. 247% average revenue increase. 127+ 5-star reviews. expert seo, google ads & web design. free $997 audit - only 5 spots left.",Google-Extended
https://theprofitplatform.com.au/blog/keyword-research-for-local-sydney-businesses-the-complete-framework/,"Digital Marketing Sydney | SEO, Google Ads & Web Design | The Profit Platform",11,0.0019544880723833076,n/a,3,200,0.045,0,1,1,0,0,Canonical to other page,0,1,29,5,0,2,1,8,59,27,"leading digital marketing agency in sydney. 247% average revenue increase. 127+ 5-star reviews. expert seo, google ads & web design. free $997 audit - only 5 spots left.",Google-Extended
https://theprofitplatform.com.au/blog/lead-generation-funnels-for-sydney-professional-services-firms,,-,0.004998311097139736,n/a,2,308,0.011,0,0,0,0,0,-,0,69,1,0,0,-,-,0,0,0,-,Google-Extended
https://theprofitplatform.com.au/blog/lead-generation-funnels-for-sydney-professional-services-firms/,Lead Generation Funnels for Sydney Professional Services Firms | The Profit Platform,75,0.00719669038519133,n/a,2,200,0.04,1,1,1,0,0,Self-canonical,1,1,34,24,0,2,0,8,61,46,discover how sydney professional services firms can build lead generation funnels that convert 68% more prospects into paying clients. get the blueprint now.,Google-Extended
https://theprofitplatform.com.au/blog/link-building-strategies-that-actually-work-for-sydney-businesses,,-,0.005170526338582214,n/a,2,308,0.013,0,0,0,0,0,-,0,71,1,0,0,-,-,0,0,0,-,Google-Extended
https://theprofitplatform.com.au/blog/link-building-strategies-that-actually-work-for-sydney-businesses/,Link Building Strategies That Actually Work for Sydney Businesses | The Profit Platform,80,0.0073862577969940205,n/a,2,200,0.06,1,1,1,0,0,Self-canonical,1,1,38,9,0,2,0,8,61,32,"discover proven link building sydney strategies that helped local businesses gain 127+ quality backlinks and boost revenue by $73,000 annually. get results now.",Google-Extended
https://theprofitplatform.com.au/blog/local-citations-building-authority-for-sydney-multi-location-businesses,,-,0.004998311097139736,n/a,2,308,0.016,0,0,0,0,0,-,0,69,1,0,0,-,-,0,0,0,-,Google-Extended
https://theprofitplatform.com.au/blog/local-citations-building-authority-for-sydney-multi-location-businesses/,Local Citations: Building Authority for Sydney Multi-Location Businesses | The Profit Platform,75,0.00719669038519133,n/a,2,200,0.069,1,1,1,0,0,Self-canonical,1,1,37,10,0,2,0,8,61,31,discover how local citations sydney businesses need to dominate search rankings. 67% are sabotaging results with inconsistent listings across directories.,Google-Extended
https://theprofitplatform.com.au/blog/local-seo-checklist-47-steps-to-dominate-sydney-suburb-search-results,,-,0.005486358653468249,n/a,2,308,0.012,0,0,0,0,0,-,0,74,1,0,0,-,-,0,0,0,-,Google-Extended
https://theprofitplatform.com.au/blog/local-seo-checklist-47-steps-to-dominate-sydney-suburb-search-results/,Local SEO Checklist: 47 Steps to Dominate Sydney Suburb Search Results | The Profit Platform,85,0.007824954729012772,n/a,2,200,0.067,1,1,1,0,0,Self-canonical,1,2,37,11,0,2,0,8,61,30,boost your sydney business with our 47-step local seo checklist. dominate suburb search results and outrank competitors using proven local seo sydney strategies,Google-Extended
https://theprofitplatform.com.au/blog/mobile-first-web-design-why-sydney-businesses-can-t-ignore-it-in-2025,,-,0.005084292496481882,n/a,2,308,0.015,0,0,0,0,0,-,0,70,1,0,0,-,-,0,0,0,-,Google-Extended
https://theprofitplatform.com.au/blog/mobile-first-web-design-why-sydney-businesses-can-t-ignore-it-in-2025/,Mobile-First Web Design: Why Sydney Businesses Can't Ignore It in 2025 | The Profit Platform,76,0.0072913623154052575,n/a,2,200,0.052,1,1,1,0,0,Self-canonical,1,1,38,10,0,2,0,8,61,31,discover why mobile first web design is critical for sydney businesses in 2025. learn the framework that's driving local success and boosting conversions.,Google-Extended
https://theprofitplatform.com.au/blog/negative-keywords-how-to-stop-wasting-money-on-google-ads,"Digital Marketing Sydney | SEO, Google Ads & Web Design | The Profit Platform",19,0.0020964380910073435,n/a,3,200,0.049,0,1,1,0,0,Canonical to other page,0,3,29,5,0,2,1,8,59,26,"leading digital marketing agency in sydney. 247% average revenue increase. 127+ 5-star reviews. expert seo, google ads & web design. free $997 audit - only 5 spots left.",Google-Extended
https://theprofitplatform.com.au/blog/negative-keywords-how-to-stop-wasting-money-on-google-ads/,"Digital Marketing Sydney | SEO, Google Ads & Web Design | The Profit Platform",8,0.0019486206937850208,n/a,3,200,0.07,0,1,1,0,0,Canonical to other page,0,1,29,5,0,2,1,8,59,27,"leading digital marketing agency in sydney. 247% average revenue increase. 127+ 5-star reviews. expert seo, google ads & web design. free $997 audit - only 5 spots left.",Google-Extended
https://theprofitplatform.com.au/blog/parramatta-plumber-case-study,,-,0.005070694920229485,n/a,2,308,0.011,0,0,0,0,0,-,0,70,1,0,0,-,-,0,0,0,-,Google-Extended
https://theprofitplatform.com.au/blog/parramatta-plumber-case-study/,Case Study: How We Got a Parramatta Plumber 2.6x More Calls in 30 Days | The Profit Platform,82,0.007400853671174899,n/a,2,200,0.146,1,1,1,0,0,Self-canonical,1,3,36,6,0,2,0,8,61,29,real results from a local parramatta plumbing business. see the exact digital marketing strategies that generated 160% more phone calls in one month.,Google-Extended
https://theprofitplatform.com.au/blog/parramatta-plumber-case-study/?utm_source=theprofitplatform&utm_medium=referral,Case Study: How We Got a Parramatta Plumber 2.6x More Calls in 30 Days | The Profit Platform,13,0.001962487894126919,n/a,3,200,0.035,1,1,1,0,0,Canonical to other page,0,1,35,6,0,2,1,8,61,31,real results from a local parramatta plumbing business. see the exact digital marketing strategies that generated 160% more phone calls in one month.,Google-Extended
https://theprofitplatform.com.au/blog/remarketing-campaigns-that-actually-convert-for-sydney-ecommerce,,-,0.004998311097139736,n/a,2,308,0.014,0,0,0,0,0,-,0,69,1,0,0,-,-,0,0,0,-,Google-Extended
https://theprofitplatform.com.au/blog/remarketing-campaigns-that-actually-convert-for-sydney-ecommerce/,Remarketing Campaigns That Actually Convert for Sydney eCommerce | The Profit Platform,75,0.00719669038519133,n/a,2,200,0.06,1,1,1,0,0,Self-canonical,1,1,38,10,0,2,0,8,61,31,stop wasting ad spend. learn the remarketing campaigns that transformed a sydney store from a 0.3% to a 4.7% conversion rate. get our proven strategy.,Google-Extended
https://theprofitplatform.com.au/blog/schema-markup-for-local-sydney-businesses-implementation-guide,,-,0.004998311097139736,n/a,2,308,0.015,0,0,0,0,0,-,0,69,1,0,0,-,-,0,0,0,-,Google-Extended
https://theprofitplatform.com.au/blog/schema-markup-for-local-sydney-businesses-implementation-guide/,Schema Markup for Local Sydney Businesses: Implementation Guide | The Profit Platform,75,0.00719669038519133,n/a,2,200,0.067,1,1,1,0,0,Self-canonical,1,1,37,8,0,2,0,8,61,31,"boost your sydney business visibility with schema markup for local business. get rich results, higher click-through rates, and dominate local search competition",Google-Extended
https://theprofitplatform.com.au/blog/seo-guide,"Digital Marketing Sydney | SEO, Google Ads & Web Design | The Profit Platform",95,0.039234829173686,n/a,1,200,0.136,0,1,1,0,0,Canonical to other page,0,148,28,5,0,2,1,8,59,26,"leading digital marketing agency in sydney. 247% average revenue increase. 127+ 5-star reviews. expert seo, google ads & web design. free $997 audit - only 5 spots left.",Google-Extended
https://theprofitplatform.com.au/blog/website-speed-optimization-how-sydney-businesses-can-improve-core-web-vitals/,"Digital Marketing Sydney | SEO, Google Ads & Web Design | The Profit Platform",15,0.0020343231205040765,n/a,3,200,0.048,0,1,1,0,0,Canonical to other page,0,2,29,5,0,2,1,8,59,26,"leading digital marketing agency in sydney. 247% average revenue increase. 127+ 5-star reviews. expert seo, google ads & web design. free $997 audit - only 5 spots left.",Google-Extended
https://theprofitplatform.com.au/blog/wordpress-seo-complete-optimization-guide-for-sydney-websites,,-,0.005084292496481882,n/a,2,308,0.013,0,0,0,0,0,-,0,70,1,0,0,-,-,0,0,0,-,Google-Extended
https://theprofitplatform.com.au/blog/wordpress-seo-complete-optimization-guide-for-sydney-websites/,WordPress SEO: Complete Optimization Guide for Sydney Websites | The Profit Platform,76,0.0072913623154052575,n/a,2,200,0.085,1,1,1,0,0,Self-canonical,1,1,37,8,0,2,0,8,61,31,master wordpress seo with our complete guide for sydney businesses. learn proven strategies to boost rankings and get found on page 1 of google results.,Google-Extended
"https://theprofitplatform.com.au/blog?tag=""Case Study"", ""Local SEO"", ""Google Ads"", ""Parramatta"", ""Results""",,-,0.001986559362797156,n/a,3,308,0.014,0,0,0,0,0,-,0,2,1,0,0,-,-,0,0,0,-,Google-Extended
https://theprofitplatform.com.au/blog?tag=2025,,-,0.00205969056317777,n/a,3,308,0.011,0,0,0,0,0,-,0,2,1,0,0,-,-,0,0,0,-,Google-Extended
https://theprofitplatform.com.au/blog?tag=Ad Extensions,,-,0.0019502771250989618,n/a,3,308,0.014,0,0,0,0,0,-,0,1,1,0,0,-,-,0,0,0,-,Google-Extended
https://theprofitplatform.com.au/blog?tag=Analytics,,-,0.0020479018021727605,n/a,3,308,0.012,0,0,0,0,0,-,0,2,1,0,0,-,-,0,0,0,-,Google-Extended
https://theprofitplatform.com.au/blog?tag=Authority,,-,0.0019521163212141068,n/a,3,308,0.019,0,0,0,0,0,-,0,1,1,0,0,-,-,0,0,0,-,Google-Extended
https://theprofitplatform.com.au/blog?tag=Automation,,-,0.001950324941387492,n/a,3,308,0.016,0,0,0,0,0,-,0,1,1,0,0,-,-,0,0,0,-,Google-Extended
https://theprofitplatform.com.au/blog?tag=B2B,,-,0.0019544880723833076,n/a,3,308,0.014,0,0,0,0,0,-,0,1,1,0,0,-,-,0,0,0,-,Google-Extended
https://theprofitplatform.com.au/blog?tag=Backlinks,,-,0.0019521163212141068,n/a,3,308,0.019,0,0,0,0,0,-,0,1,1,0,0,-,-,0,0,0,-,Google-Extended
https://theprofitplatform.com.au/blog?tag=Bidding Strategies,,-,0.001950324941387492,n/a,3,308,0.013,0,0,0,0,0,-,0,1,1,0,0,-,-,0,0,0,-,Google-Extended
https://theprofitplatform.com.au/blog?tag=CMS,,-,0.0019543154319407556,n/a,3,308,0.013,0,0,0,0,0,-,0,1,1,0,0,-,-,0,0,0,-,Google-Extended
https://theprofitplatform.com.au/blog?tag=CRO,,-,0.0019447174588217,n/a,3,308,0.011,0,0,0,0,0,-,0,1,1,0,0,-,-,0,0,0,-,Google-Extended
https://theprofitplatform.com.au/blog?tag=CTR,,-,0.0019502771250989618,n/a,3,308,0.012,0,0,0,0,0,-,0,1,1,0,0,-,-,0,0,0,-,Google-Extended
https://theprofitplatform.com.au/blog?tag=Checklist,,-,0.001958265709016938,n/a,3,308,0.014,0,0,0,0,0,-,0,1,1,0,0,-,-,0,0,0,-,Google-Extended
https://theprofitplatform.com.au/blog?tag=Citations,,-,0.0019483762417724295,n/a,3,308,0.019,0,0,0,0,0,-,0,1,1,0,0,-,-,0,0,0,-,Google-Extended
https://theprofitplatform.com.au/blog?tag=Content Strategy,,-,0.0019544880723833076,n/a,3,308,0.012,0,0,0,0,0,-,0,1,1,0,0,-,-,0,0,0,-,Google-Extended
https://theprofitplatform.com.au/blog?tag=Conversion,,-,0.0019313755175444703,n/a,3,308,0.013,0,0,0,0,0,-,0,1,1,0,0,-,-,0,0,0,-,Google-Extended
https://theprofitplatform.com.au/blog?tag=Conversions,,-,0.0020324901373168073,n/a,3,308,0.015,0,0,0,0,0,-,0,2,1,0,0,-,-,0,0,0,-,Google-Extended
https://theprofitplatform.com.au/blog?tag=Cost Optimization,,-,0.001968614787689741,n/a,3,308,0.011,0,0,0,0,0,-,0,1,1,0,0,-,-,0,0,0,-,Google-Extended
https://theprofitplatform.com.au/blog?tag=Cost Reduction,,-,0.0019486206937850208,n/a,3,308,0.015,0,0,0,0,0,-,0,1,1,0,0,-,-,0,0,0,-,Google-Extended
https://theprofitplatform.com.au/blog?tag=Directory Listings,,-,0.0019483762417724295,n/a,3,308,0.011,0,0,0,0,0,-,0,1,1,0,0,-,-,0,0,0,-,Google-Extended
https://theprofitplatform.com.au/blog?tag=Engagement,,-,0.0019483762417724295,n/a,3,308,0.025,0,0,0,0,0,-,0,1,1,0,0,-,-,0,0,0,-,Google-Extended
https://theprofitplatform.com.au/blog?tag=Free Resources,,-,0.0019311198825693024,n/a,3,308,0.011,0,0,0,0,0,-,0,1,1,0,0,-,-,0,0,0,-,Google-Extended
https://theprofitplatform.com.au/blog?tag=Free Tools,,-,0.001941345639239655,n/a,3,308,0.011,0,0,0,0,0,-,0,1,1,0,0,-,-,0,0,0,-,Google-Extended
https://theprofitplatform.com.au/blog?tag=Funnels,,-,0.0019313755175444703,n/a,3,308,0.012,0,0,0,0,0,-,0,1,1,0,0,-,-,0,0,0,-,Google-Extended
https://theprofitplatform.com.au/blog?tag=GA4,,-,0.001950324941387492,n/a,3,308,0.022,0,0,0,0,0,-,0,1,1,0,0,-,-,0,0,0,-,Google-Extended
https://theprofitplatform.com.au/blog?tag=Google Ads,,-,0.0021893277728309017,n/a,3,308,0.013,0,0,0,0,0,-,0,3,1,0,0,-,-,0,0,0,-,Google-Extended
https://theprofitplatform.com.au/blog?tag=Google Analytics,,-,0.001950324941387492,n/a,3,308,0.012,0,0,0,0,0,-,0,1,1,0,0,-,-,0,0,0,-,Google-Extended
https://theprofitplatform.com.au/blog?tag=Google Business Profile,,-,0.0021929061215638576,n/a,3,308,0.012,0,0,0,0,0,-,0,3,1,0,0,-,-,0,0,0,-,Google-Extended
https://theprofitplatform.com.au/blog?tag=Google Ranking,,-,0.001987306740088021,n/a,3,308,0.012,0,0,0,0,0,-,0,1,1,0,0,-,-,0,0,0,-,Google-Extended
https://theprofitplatform.com.au/blog?tag=Google Search Console,,-,0.001947558293108723,n/a,3,308,0.012,0,0,0,0,0,-,0,1,1,0,0,-,-,0,0,0,-,Google-Extended
https://theprofitplatform.com.au/blog?tag=Growth Strategy,,-,0.001969721061304856,n/a,3,308,0.012,0,0,0,0,0,-,0,1,1,0,0,-,-,0,0,0,-,Google-Extended
https://theprofitplatform.com.au/blog?tag=Lead Generation,,-,0.0019313755175444703,n/a,3,308,0.014,0,0,0,0,0,-,0,1,1,0,0,-,-,0,0,0,-,Google-Extended
https://theprofitplatform.com.au/blog?tag=Link Building,,-,0.0019521163212141068,n/a,3,308,0.015,0,0,0,0,0,-,0,1,1,0,0,-,-,0,0,0,-,Google-Extended
https://theprofitplatform.com.au/blog?tag=Local SEO,,-,0.0026042708243973665,n/a,3,308,0.017,0,0,0,0,0,-,0,7,1,0,0,-,-,0,0,0,-,Google-Extended
https://theprofitplatform.com.au/blog?tag=Local Search,,-,0.00199228093744568,n/a,3,308,0.011,0,0,0,0,0,-,0,1,1,0,0,-,-,0,0,0,-,Google-Extended
https://theprofitplatform.com.au/blog?tag=Marketing,,-,0.0019544880723833076,n/a,3,308,0.012,0,0,0,0,0,-,0,1,1,0,0,-,-,0,0,0,-,Google-Extended
https://theprofitplatform.com.au/blog?tag=Marketing Budget,,-,0.001979105535556677,n/a,3,308,0.011,0,0,0,0,0,-,0,1,1,0,0,-,-,0,0,0,-,Google-Extended
https://theprofitplatform.com.au/blog?tag=Marketing Tools,,-,0.0019311198825693024,n/a,3,308,0.015,0,0,0,0,0,-,0,1,1,0,0,-,-,0,0,0,-,Google-Extended
https://theprofitplatform.com.au/blog?tag=Mobile Design,,-,0.0019483417211619307,n/a,3,308,0.01,0,0,0,0,0,-,0,1,1,0,0,-,-,0,0,0,-,Google-Extended
https://theprofitplatform.com.au/blog?tag=Multi-Location,,-,0.001969721061304856,n/a,3,308,0.012,0,0,0,0,0,-,0,1,1,0,0,-,-,0,0,0,-,Google-Extended
https://theprofitplatform.com.au/blog?tag=NAP,,-,0.0019483762417724295,n/a,3,308,0.012,0,0,0,0,0,-,0,1,1,0,0,-,-,0,0,0,-,Google-Extended
https://theprofitplatform.com.au/blog?tag=Optimization,,-,0.00213183789690231,n/a,3,308,0.018,0,0,0,0,0,-,0,3,1,0,0,-,-,0,0,0,-,Google-Extended
https://theprofitplatform.com.au/blog?tag=PPC,,-,0.002272114211294211,n/a,3,308,0.012,0,0,0,0,0,-,0,4,1,0,0,-,-,0,0,0,-,Google-Extended
https://theprofitplatform.com.au/blog?tag=PPC Optimization,,-,0.0019486206937850208,n/a,3,308,0.015,0,0,0,0,0,-,0,1,1,0,0,-,-,0,0,0,-,Google-Extended
https://theprofitplatform.com.au/blog?tag=Posts,,-,0.0019483762417724295,n/a,3,308,0.014,0,0,0,0,0,-,0,1,1,0,0,-,-,0,0,0,-,Google-Extended
https://theprofitplatform.com.au/blog?tag=Productivity,,-,0.0019311198825693024,n/a,3,308,0.015,0,0,0,0,0,-,0,1,1,0,0,-,-,0,0,0,-,Google-Extended
https://theprofitplatform.com.au/blog?tag=Professional Services,,-,0.0019313755175444703,n/a,3,308,0.011,0,0,0,0,0,-,0,1,1,0,0,-,-,0,0,0,-,Google-Extended
https://theprofitplatform.com.au/blog?tag=Quality Score,,-,0.0019486206937850208,n/a,3,308,0.011,0,0,0,0,0,-,0,1,1,0,0,-,-,0,0,0,-,Google-Extended
https://theprofitplatform.com.au/blog?tag=ROI,,-,0.0020506684504515297,n/a,3,308,0.014,0,0,0,0,0,-,0,2,1,0,0,-,-,0,0,0,-,Google-Extended
https://theprofitplatform.com.au/blog?tag=Rankings,,-,0.001958265709016938,n/a,3,308,0.015,0,0,0,0,0,-,0,1,1,0,0,-,-,0,0,0,-,Google-Extended
https://theprofitplatform.com.au/blog?tag=Remarketing,,-,0.0019465087379746612,n/a,3,308,0.014,0,0,0,0,0,-,0,1,1,0,0,-,-,0,0,0,-,Google-Extended
https://theprofitplatform.com.au/blog?tag=Resources,,-,0.001941345639239655,n/a,3,308,0.013,0,0,0,0,0,-,0,1,1,0,0,-,-,0,0,0,-,Google-Extended
https://theprofitplatform.com.au/blog?tag=Responsive Design,,-,0.0019483417211619307,n/a,3,308,0.013,0,0,0,0,0,-,0,1,1,0,0,-,-,0,0,0,-,Google-Extended
https://theprofitplatform.com.au/blog?tag=Retargeting,,-,0.0019465087379746612,n/a,3,308,0.015,0,0,0,0,0,-,0,1,1,0,0,-,-,0,0,0,-,Google-Extended
https://theprofitplatform.com.au/blog?tag=Rich Results,,-,0.0019523602498743352,n/a,3,308,0.012,0,0,0,0,0,-,0,1,1,0,0,-,-,0,0,0,-,Google-Extended
https://theprofitplatform.com.au/blog?tag=SEO,,-,0.002386241512043276,n/a,3,308,0.014,0,0,0,0,0,-,0,5,1,0,0,-,-,0,0,0,-,Google-Extended
https://theprofitplatform.com.au/blog?tag=SEO Tools,,-,0.002030167872868824,n/a,3,308,0.011,0,0,0,0,0,-,0,2,1,0,0,-,-,0,0,0,-,Google-Extended
https://theprofitplatform.com.au/blog?tag=Schema Markup,,-,0.0019523602498743352,n/a,3,308,0.012,0,0,0,0,0,-,0,1,1,0,0,-,-,0,0,0,-,Google-Extended
https://theprofitplatform.com.au/blog?tag=Service Business,,-,0.0019447174588217,n/a,3,308,0.012,0,0,0,0,0,-,0,1,1,0,0,-,-,0,0,0,-,Google-Extended
https://theprofitplatform.com.au/blog?tag=Setup,,-,0.001950324941387492,n/a,3,308,0.013,0,0,0,0,0,-,0,1,1,0,0,-,-,0,0,0,-,Google-Extended
https://theprofitplatform.com.au/blog?tag=Small Business,,-,0.001941345639239655,n/a,3,308,0.013,0,0,0,0,0,-,0,1,1,0,0,-,-,0,0,0,-,Google-Extended
https://theprofitplatform.com.au/blog?tag=Structured Data,,-,0.0019523602498743352,n/a,3,308,0.019,0,0,0,0,0,-,0,1,1,0,0,-,-,0,0,0,-,Google-Extended
https://theprofitplatform.com.au/blog?tag=Sydney,,-,0.002297441328097005,n/a,3,308,0.013,0,0,0,0,0,-,0,4,1,0,0,-,-,0,0,0,-,Google-Extended
https://theprofitplatform.com.au/blog?tag=Sydney Business,,-,0.002180060039254893,n/a,3,308,0.013,0,0,0,0,0,-,0,3,1,0,0,-,-,0,0,0,-,Google-Extended
https://theprofitplatform.com.au/blog?tag=Tracking,,-,0.0021394906840806987,n/a,3,308,0.013,0,0,0,0,0,-,0,3,1,0,0,-,-,0,0,0,-,Google-Extended
https://theprofitplatform.com.au/blog?tag=User Experience,,-,0.0019483417211619307,n/a,3,308,0.018,0,0,0,0,0,-,0,1,1,0,0,-,-,0,0,0,-,Google-Extended
https://theprofitplatform.com.au/blog?tag=WordPress,,-,0.0019543154319407556,n/a,3,308,0.011,0,0,0,0,0,-,0,1,1,0,0,-,-,0,0,0,-,Google-Extended
https://theprofitplatform.com.au/blog?tag=eCommerce,,-,0.0019465087379746612,n/a,3,308,0.012,0,0,0,0,0,-,0,1,1,0,0,-,-,0,0,0,-,Google-Extended
https://theprofitplatform.com.au/cdn-cgi/l/email-protection,,-,0.040052139640168634,n/a,1,404,0.008,0,0,0,0,0,-,0,149,0,0,0,-,-,0,0,1,-,Google-Extended
https://theprofitplatform.com.au/contact,,-,0.040052139640168634,n/a,1,308,0.015,0,0,0,0,0,-,1,149,1,0,0,-,-,0,0,0,-,Google-Extended
https://theprofitplatform.com.au/contact/,Contact The Profit Platform  Sydney Digital Marketing Experts,99,0.057460889386898195,n/a,1,200,0.045,0,1,1,0,0,Self-canonical,1,4,30,8,0,2,0,9,62,24,leading digital marketing services in sydney. get results with the profit platform.  proven roi  127+ reviews  free consultation,Google-Extended
https://theprofitplatform.com.au/contact/?service=google-ads,Contact The Profit Platform  Sydney Digital Marketing Experts,71,0.005426367098885768,n/a,2,200,0.042,0,1,1,0,0,Canonical to other page,0,1,30,8,0,2,1,9,62,25,leading digital marketing services in sydney. get results with the profit platform.  proven roi  127+ reviews  free consultation,Google-Extended
https://theprofitplatform.com.au/contact/?service=seo,Contact The Profit Platform  Sydney Digital Marketing Experts,71,0.005426367098885768,n/a,2,200,0.04,0,1,1,0,0,Canonical to other page,0,1,30,8,0,2,1,9,62,25,leading digital marketing services in sydney. get results with the profit platform.  proven roi  127+ reviews  free consultation,Google-Extended
https://theprofitplatform.com.au/contact/?service=web-design,Contact The Profit Platform  Sydney Digital Marketing Experts,71,0.005426367098885768,n/a,2,200,0.036,0,1,1,0,0,Canonical to other page,0,1,30,8,0,2,1,9,62,25,leading digital marketing services in sydney. get results with the profit platform.  proven roi  127+ reviews  free consultation,Google-Extended
https://theprofitplatform.com.au/contact?service=google-ads,,-,0.00307681101656641,n/a,2,308,0.013,0,0,0,0,0,-,0,1,1,0,0,-,-,0,0,0,-,Google-Extended
https://theprofitplatform.com.au/contact?service=seo,,-,0.00307681101656641,n/a,2,308,0.011,0,0,0,0,0,-,0,1,1,0,0,-,-,0,0,0,-,Google-Extended
https://theprofitplatform.com.au/contact?service=web-design,,-,0.00307681101656641,n/a,2,308,0.018,0,0,0,0,0,-,0,1,1,0,0,-,-,0,0,0,-,Google-Extended
https://theprofitplatform.com.au/google-ads,,-,0.040052139640168634,n/a,1,308,0.025,0,0,0,0,0,-,1,149,1,0,0,-,-,0,0,0,-,Google-Extended
https://theprofitplatform.com.au/google-ads/,Google Ads Management Sydney | The Profit Platform - Expert PPC Services,97,0.05718899877814463,n/a,1,200,0.045,0,1,1,0,0,Self-canonical,1,1,32,5,0,2,0,10,83,24,leading digital marketing services in sydney. get results with the profit platform.  proven roi  127+ reviews  free consultation,Google-Extended
https://theprofitplatform.com.au/google-ads/contact.html?plan=enterprise,"Digital Marketing Sydney | SEO, Google Ads & Web Design | The Profit Platform",23,0.003147794474383162,n/a,2,200,0.053,0,1,1,0,0,Canonical to other page,0,1,29,5,0,2,1,8,59,27,"leading digital marketing agency in sydney. 247% average revenue increase. 127+ 5-star reviews. expert seo, google ads & web design. free $997 audit - only 5 spots left.",Google-Extended
https://theprofitplatform.com.au/google-ads/contact.html?plan=growth,"Digital Marketing Sydney | SEO, Google Ads & Web Design | The Profit Platform",23,0.003147794474383162,n/a,2,200,0.055,0,1,1,0,0,Canonical to other page,0,1,29,5,0,2,1,8,59,27,"leading digital marketing agency in sydney. 247% average revenue increase. 127+ 5-star reviews. expert seo, google ads & web design. free $997 audit - only 5 spots left.",Google-Extended
https://theprofitplatform.com.au/google-ads/contact.html?plan=starter,"Digital Marketing Sydney | SEO, Google Ads & Web Design | The Profit Platform",23,0.003147794474383162,n/a,2,200,0.044,0,1,1,0,0,Canonical to other page,0,1,29,5,0,2,1,8,59,27,"leading digital marketing agency in sydney. 247% average revenue increase. 127+ 5-star reviews. expert seo, google ads & web design. free $997 audit - only 5 spots left.",Google-Extended
https://theprofitplatform.com.au/llms.txt,,-,-,n/a,0,200,0.055,0,0,0,0,0,-,0,0,-,-,0,-,-,-,-,1,-,Google-Extended
https://theprofitplatform.com.au/local-seo-checklist,"Digital Marketing Sydney | SEO, Google Ads & Web Design | The Profit Platform",95,0.039234829173686,n/a,1,200,0.056,0,1,1,0,0,Canonical to other page,0,148,28,5,0,2,1,8,59,26,"leading digital marketing agency in sydney. 247% average revenue increase. 127+ 5-star reviews. expert seo, google ads & web design. free $997 audit - only 5 spots left.",Google-Extended
https://theprofitplatform.com.au/portfolio,,-,0.040052139640168634,n/a,1,308,0.016,0,0,0,0,0,-,0,149,1,0,0,-,-,0,0,0,-,Google-Extended
https://theprofitplatform.com.au/portfolio/,Portfolio | The Profit Platform,97,0.05718899877814463,n/a,1,200,0.055,0,1,1,0,0,Self-canonical,1,1,29,5,0,2,0,8,60,24,"see real results from sydney businesses we've helped grow. case studies, testimonials, and proven digital marketing success stories.",Google-Extended
https://theprofitplatform.com.au/pricing,,-,0.03798836735736477,n/a,1,308,0.024,0,0,0,0,0,-,0,147,1,0,0,-,-,0,0,0,-,Google-Extended
https://theprofitplatform.com.au/pricing/,Pricing | The Profit Platform - Sydney Digital Marketing,96,0.054338351966340855,n/a,1,200,0.04,0,1,1,0,0,Self-canonical,1,1,32,5,0,2,0,13,108,28,leading digital marketing services in sydney. get results with the profit platform.  proven roi  127+ reviews  free consultation,Google-Extended
https://theprofitplatform.com.au/privacy,,-,0.003389922691692019,n/a,2,308,0.014,0,0,0,0,0,-,0,4,1,0,0,-,-,0,0,0,-,Google-Extended
https://theprofitplatform.com.au/privacy-policy,"Digital Marketing Sydney | SEO, Google Ads & Web Design | The Profit Platform",95,0.039234829173686,n/a,1,200,0.064,0,1,1,0,0,Canonical to other page,0,148,28,5,0,2,1,8,59,26,"leading digital marketing agency in sydney. 247% average revenue increase. 127+ 5-star reviews. expert seo, google ads & web design. free $997 audit - only 5 spots left.",Google-Extended
https://theprofitplatform.com.au/privacy/,Privacy Policy | The Profit Platform,73,0.0057963275575222415,n/a,2,200,0.057,0,1,1,0,0,Self-canonical,1,1,19,5,0,2,0,7,58,12,"learn how the profit platform collects, uses, and protects your personal information. our commitment to your privacy and data security.",Google-Extended
https://theprofitplatform.com.au/robots.txt,,-,-,n/a,0,200,0.046,0,0,0,0,0,-,0,0,-,-,0,-,-,-,-,1,-,n/a
https://theprofitplatform.com.au/seo,,-,0.040052139640168634,n/a,1,308,0.016,0,0,0,0,0,-,1,149,1,0,0,-,-,0,0,0,-,Google-Extended
https://theprofitplatform.com.au/seo-checklist,,-,0.0023078833425724953,n/a,3,308,0.009,0,0,0,0,0,-,1,5,1,0,0,-,-,0,0,0,-,Google-Extended
https://theprofitplatform.com.au/seo-checklist/,Free Sydney SEO Checklist | 50-Point Guide to Rank #1,67,0.004213021368294684,n/a,3,200,0.069,0,1,1,0,0,Self-canonical,1,1,29,5,0,2,0,8,59,23,download our free 50-point seo checklist used by 100+ sydney businesses to rank #1 on google. instant pdf download.,Google-Extended
https://theprofitplatform.com.au/seo/,SEO Services | The Profit Platform - Sydney,97,0.05718899877814463,n/a,1,200,0.054,0,1,1,0,0,Self-canonical,1,1,29,5,0,2,0,9,65,24,leading digital marketing services in sydney. get results with the profit platform.  proven roi  127+ reviews  free consultation,Google-Extended
https://theprofitplatform.com.au/services,,-,0.040052139640168634,n/a,1,308,0.018,0,0,0,0,0,-,0,149,1,0,0,-,-,0,0,0,-,Google-Extended
https://theprofitplatform.com.au/services/,Services | The Profit Platform - Sydney Digital Marketing,97,0.05718899877814463,n/a,1,200,0.059,0,1,1,0,0,Self-canonical,1,1,29,5,0,2,0,8,62,25,leading digital marketing services in sydney. get results with the profit platform.  proven roi  127+ reviews  free consultation,Google-Extended
https://theprofitplatform.com.au/sitemap,"Digital Marketing Sydney | SEO, Google Ads & Web Design | The Profit Platform",95,0.039234829173686,n/a,1,200,0.065,0,1,1,0,0,Canonical to other page,0,148,28,5,0,2,1,8,59,26,"leading digital marketing agency in sydney. 247% average revenue increase. 127+ 5-star reviews. expert seo, google ads & web design. free $997 audit - only 5 spots left.",Google-Extended
https://theprofitplatform.com.au/sitemap-0.xml,,-,-,n/a,0,200,0.058,0,0,0,0,0,-,0,0,-,-,0,-,-,-,-,32,-,Google-Extended
https://theprofitplatform.com.au/sitemap-index.xml,,-,-,n/a,0,200,0.052,0,0,0,0,0,-,0,0,-,-,0,-,-,-,-,0,-,Google-Extended
https://theprofitplatform.com.au/sitemap.xml,,-,-,n/a,0,200,0.2,0,0,0,0,0,-,0,0,-,-,0,-,-,-,-,0,-,Google-Extended
https://theprofitplatform.com.au/social-media,"Digital Marketing Sydney | SEO, Google Ads & Web Design | The Profit Platform",1,0.0019311198825693024,n/a,3,200,0.043,0,1,1,0,0,Canonical to other page,0,1,29,5,0,2,1,8,59,27,"leading digital marketing agency in sydney. 247% average revenue increase. 127+ 5-star reviews. expert seo, google ads & web design. free $997 audit - only 5 spots left.",Google-Extended
https://theprofitplatform.com.au/terms-of-service,"Digital Marketing Sydney | SEO, Google Ads & Web Design | The Profit Platform",95,0.039234829173686,n/a,1,200,0.074,0,1,1,0,0,Canonical to other page,0,148,28,5,0,2,1,8,59,26,"leading digital marketing agency in sydney. 247% average revenue increase. 127+ 5-star reviews. expert seo, google ads & web design. free $997 audit - only 5 spots left.",Google-Extended
https://theprofitplatform.com.au/tools,,-,0.040052139640168634,n/a,1,308,0.018,0,0,0,0,0,-,0,149,1,0,0,-,-,0,0,0,-,Google-Extended
https://theprofitplatform.com.au/tools/,Free Marketing Tools | The Profit Platform,97,0.05718899877814463,n/a,1,200,0.05,0,1,1,0,0,Self-canonical,1,1,29,5,0,2,0,8,61,25,leading digital marketing services in sydney. get results with the profit platform.  proven roi  127+ reviews  free consultation,Google-Extended
https://theprofitplatform.com.au/tools/competitor-analysis,,-,0.03798836735736477,n/a,1,308,0.012,0,0,0,0,0,-,0,147,1,0,0,-,-,0,0,0,-,Google-Extended
https://theprofitplatform.com.au/tools/competitor-analysis/,Free SEO Quick Compare Tool | Compare Website SEO Metrics | Sydney,96,0.054338351966340855,n/a,1,200,0.04,1,1,1,0,0,Self-canonical,1,1,30,5,0,2,0,9,62,26,leading digital marketing services in sydney. get results with the profit platform.  proven roi  127+ reviews  free consultation,Google-Extended
https://theprofitplatform.com.au/tools/competitor-analysis/methodology,,-,0.0031464152998285162,n/a,2,308,0.012,0,0,0,0,0,-,0,1,1,0,0,-,-,0,0,0,-,Google-Extended
https://theprofitplatform.com.au/tools/competitor-analysis/methodology/,Methodology - SEO Quick Compare Tool | The Profit Platform,72,0.005524018240595863,n/a,2,200,0.036,1,1,1,0,0,Self-canonical,1,1,29,5,0,2,0,8,59,23,leading digital marketing services in sydney. get results with the profit platform.  proven roi  127+ reviews  free consultation,Google-Extended
https://theprofitplatform.com.au/tools/content-generator,,-,0.03798836735736477,n/a,1,308,0.033,0,0,0,0,0,-,0,147,1,0,0,-,-,0,0,0,-,Google-Extended
https://theprofitplatform.com.au/tools/content-generator/,Free AI Content Generator Sydney | Create SEO Blog Posts & Marketing Copy,96,0.054338351966340855,n/a,1,200,0.037,1,1,1,0,0,Self-canonical,1,1,29,5,0,2,0,9,61,25,"generate high-quality, seo-optimized blog posts, product descriptions, and marketing content in seconds. free ai content writing tool for sydney businesses. no signup required.",Google-Extended
https://theprofitplatform.com.au/tools/keyword-gap,,-,0.03798836735736477,n/a,1,308,0.019,0,0,0,0,0,-,0,147,1,0,0,-,-,0,0,0,-,Google-Extended
https://theprofitplatform.com.au/tools/keyword-gap/,Free Keyword Gap Analyzer | Find Keywords You're Missing,96,0.054338351966340855,n/a,1,200,0.038,0,1,1,0,0,Self-canonical,1,1,29,5,0,2,0,9,61,25,leading digital marketing services in sydney. get results with the profit platform.  proven roi  127+ reviews  free consultation,Google-Extended
https://theprofitplatform.com.au/tools/keyword-research,,-,0.03798836735736477,n/a,1,308,0.017,0,0,0,0,0,-,0,147,1,0,0,-,-,0,0,0,-,Google-Extended
https://theprofitplatform.com.au/tools/keyword-research/,Free Keyword Research Tool | Find Profitable Keywords for Sydney,96,0.054338351966340855,n/a,1,200,0.039,0,1,1,0,0,Self-canonical,1,1,29,5,0,2,0,9,61,25,leading digital marketing services in sydney. get results with the profit platform.  proven roi  127+ reviews  free consultation,Google-Extended
https://theprofitplatform.com.au/tools/meta-tag-generator,,-,0.03798836735736477,n/a,1,308,0.016,0,0,0,0,0,-,0,147,1,0,0,-,-,0,0,0,-,Google-Extended
https://theprofitplatform.com.au/tools/meta-tag-generator/,Free Meta Tag Generator | Create SEO Title & Description Tags,96,0.054338351966340855,n/a,1,200,0.038,0,1,1,0,0,Self-canonical,1,1,29,5,0,2,0,9,61,24,"generate optimized meta titles and descriptions for better search engine rankings. free seo meta tag generator with character count, preview, and html export. no signup required.",Google-Extended
https://theprofitplatform.com.au/tools/rank-tracker,,-,0.03798836735736477,n/a,1,308,0.017,0,0,0,0,0,-,0,147,1,0,0,-,-,0,0,0,-,Google-Extended
https://theprofitplatform.com.au/tools/rank-tracker/,Free Google Rank Tracker | Check Your Rankings Now,96,0.054338351966340855,n/a,1,200,0.056,0,1,1,0,0,Self-canonical,1,1,29,5,0,2,0,9,64,25,leading digital marketing services in sydney. get results with the profit platform.  proven roi  127+ reviews  free consultation,Google-Extended
https://theprofitplatform.com.au/tools/seo-audit,,-,0.03798836735736477,n/a,1,308,0.016,0,0,0,0,0,-,0,147,1,0,0,-,-,0,0,0,-,Google-Extended
https://theprofitplatform.com.au/tools/seo-audit/,Free SEO Audit Tool | Comprehensive Website Analysis,96,0.054338351966340855,n/a,1,200,0.038,0,1,1,0,0,Self-canonical,1,1,29,5,0,2,0,9,62,25,leading digital marketing services in sydney. get results with the profit platform.  proven roi  127+ reviews  free consultation,Google-Extended
https://theprofitplatform.com.au/tools/seo-opportunity,,-,0.03798836735736477,n/a,1,308,0.03,0,0,0,0,0,-,0,147,1,0,0,-,-,0,0,0,-,Google-Extended
https://theprofitplatform.com.au/tools/seo-opportunity/,SEO Opportunity Calculator | Discover Your Revenue Potential,96,0.054338351966340855,n/a,1,200,0.036,1,1,1,0,0,Self-canonical,1,1,29,5,0,2,0,9,62,25,leading digital marketing services in sydney. get results with the profit platform.  proven roi  127+ reviews  free consultation,Google-Extended
https://theprofitplatform.com.au/tools/speed-test,,-,0.03798836735736477,n/a,1,308,0.018,0,0,0,0,0,-,0,147,1,0,0,-,-,0,0,0,-,Google-Extended
https://theprofitplatform.com.au/tools/speed-test/,Free Website Speed Test | Lighthouse Performance Audit,96,0.054338351966340855,n/a,1,200,0.035,0,1,1,0,0,Self-canonical,1,1,29,5,0,2,0,10,67,26,leading digital marketing services in sydney. get results with the profit platform.  proven roi  127+ reviews  free consultation,Google-Extended
https://theprofitplatform.com.au/web-design,,-,0.040052139640168634,n/a,1,308,0.065,0,0,0,0,0,-,1,149,1,0,0,-,-,0,0,0,-,Google-Extended
https://theprofitplatform.com.au/web-design/,Web Design | The Profit Platform - Sydney Digital Marketing,97,0.05718899877814463,n/a,1,200,0.033,0,1,1,0,0,Self-canonical,1,1,29,5,0,2,0,14,122,24,leading digital marketing services in sydney. get results with the profit platform.  proven roi  127+ reviews  free consultation,Google-Extended
https://theprofitplatform.com.au/webinars,"Digital Marketing Sydney | SEO, Google Ads & Web Design | The Profit Platform",95,0.039234829173686,n/a,1,200,0.053,0,1,1,0,0,Canonical to other page,0,148,28,5,0,2,1,8,59,26,"leading digital marketing agency in sydney. 247% average revenue increase. 127+ 5-star reviews. expert seo, google ads & web design. free $997 audit - only 5 spots left.",Google-Extended
https://www.theprofitplatform.com.au/,,-,0.0,n/a,0,522,0.035,0,0,0,0,0,-,0,0,0,0,0,-,-,0,0,2,-,Google-Extended
